GARDU INDUK,PEMILIK,NAMA,1,2,3,4,5,6,7,8,9,10,11,12,13,14,15,16,17,18,19,20,21,22,23,24,25,26,27,28,29,30,31,RATA-RATA,PENGGUNAAN
GI KELAPA GADING,DISJAYA,SAKURA / H,6.21,5.94,6.38999999999942,6.28999999999996,6.57000000000062,8.40999999999985,9.27999999999975,8.68000000000029,7.01000000000022,7.72999999999956,4.19999999999982,8.36999999999989,9.28000000000065,9.1899999999996,8.48999999999978,8.23000000000047,9.71000000000004,8.39999999999964,9.59000000000015,9.60000000000036,9.61999999999989,8.22999999999956,8.35000000000036,0,9.86999999999989,9.69999999999982,9.73999999999978,10.0400000000009,9.04999999999927,8.61000000000058,10.4299999999994,8.10354838709676,0
GI KELAPA GADING,DISJAYA,SAKURA / L1,10.25,10.27,10.2800000000007,10.2099999999991,14.0900000000001,17.6800000000003,8.55000000000109,13.3999999999996,11.2600000000002,11.1599999999999,11.0199999999986,63.2300000000014,13.5699999999997,13.2099999999991,13.0600000000013,13.2999999999993,13.6900000000005,13.5100000000002,13.8199999999997,13.6000000000004,13.9399999999987,13.0600000000013,13.2299999999996,0,17.6399999999994,13.9200000000001,14.3000000000011,14.2799999999988,14.2399999999998,13.8000000000011,14.5799999999999,14.2629032258065,0
GI KELAPA GADING,DISJAYA,SAKURA / L2,17.6399999999994,15.9,21.8499999999985,21.4900000000016,26.369999999999,36.2099999999991,42,19.5299999999988,21.5500000000029,25.0799999999981,18.9900000000016,26.8099999999977,41.1500000000015,37.9799999999996,28.760000000002,30.0199999999968,39.3300000000017,27.8199999999997,53.0099999999984,33.9400000000023,40.380000000001,27,30.3599999999969,0,44.5400000000009,41.5699999999997,44.7200000000012,40.119999999999,32.5699999999997,28.6000000000022,44.1800000000003,30.9506451612903,1
GI KELAPA GADING,DISJAYA,ADENIUM / H,8.09999999999945,8.24,8.39999999999964,8.43000000000029,8.63000000000011,7.5,7.92999999999938,7.95000000000073,8.11999999999989,8.40999999999985,7.92999999999938,7.86000000000058,8.32999999999993,7.9399999999996,7.82999999999993,7.93000000000029,8.3100000000004,8.22999999999956,8.27999999999975,8.21000000000004,8.32000000000062,7.50999999999931,8,0,8.46000000000004,8.16000000000076,8.39999999999964,8.23999999999978,7.80000000000018,7.88000000000011,8.42000000000007,7.86290322580643,0
GI KELAPA GADING,DISJAYA,ADENIUM / L1,14.6700000000001,14.7299999999996,14.8899999999994,15.0300000000007,15.3099999999995,13.0900000000001,14.1700000000001,14.4899999999998,14.7900000000009,14.3199999999997,13.9300000000003,4.15999999999985,14.7399999999998,14.0699999999997,14.6299999999992,14.4300000000003,15.0500000000011,15.1000000000004,14.8499999999985,14.3100000000013,14.9099999999999,13.7899999999991,14.6400000000012,0,8,14.6799999999985,15.2100000000009,14.9599999999991,14.9400000000005,14.6900000000005,15.3400000000001,13.6103225806452,0
GI KELAPA GADING,DISJAYA,ADENIUM / L2,19.6599999999999,18.3099999999995,21.2399999999998,20.8900000000012,21.0499999999993,19.130000000001,23.619999999999,15.0400000000009,19.2099999999991,20.9799999999996,20.25,10.7800000000007,10.3299999999999,19.7399999999998,18.3999999999996,18.6599999999999,21.130000000001,18.7399999999998,25.1399999999994,16.8100000000013,20.4899999999998,17.6800000000003,18.8299999999999,0,19.2799999999988,19.5699999999997,21.3299999999999,20.2100000000009,19.3600000000006,17.6499999999996,21.3899999999994,18.5451612903226,0
GI KELAPA GADING,DISJAYA,ARBEY / H,18.8199999999997,18.8100000000013,18.8899999999994,18.9899999999998,19.4400000000005,17.1499999999996,18.2199999999993,18.4099999999999,18.9600000000009,19.25,18.2899999999991,18.2300000000014,18.7299999999996,18.2700000000004,18.1000000000004,18.5199999999986,18.9099999999999,18.8700000000008,18.7700000000004,18.8899999999994,18.7700000000004,17.5900000000001,18.5699999999997,0,19.1700000000001,18.8999999999996,19.0499999999993,18.6900000000005,18.2800000000007,18.4300000000003,19.3299999999999,18.041935483871,0
GI KELAPA GADING,DISJAYA,ARBEY / L1,32.2000000000007,32.489999999998,32.6700000000019,33.0499999999993,33.8499999999985,28.9500000000007,31.4099999999999,32.4000000000015,33.1699999999983,31.3300000000017,31.3100000000013,31.3199999999997,33.1099999999969,31.510000000002,32.5400000000009,32.5299999999988,33.4700000000012,33.6599999999999,33.0599999999977,31.9000000000015,33.2000000000007,30.8099999999977,32.5500000000029,0,18.2199999999975,32.9799999999996,33.130000000001,33.1599999999999,33.2999999999993,33.0900000000001,34.0600000000013,30.9816129032258,1
GI KELAPA GADING,DISJAYA,ARBEY / L2,46.5500000000029,42.3499999999985,46.5999999999985,45.8600000000006,46.9900000000052,42.6899999999951,52.8199999999997,37.3899999999994,45.0500000000029,46.2900000000009,46.5599999999977,37.4100000000035,44.0699999999997,44.3799999999974,44.260000000002,44.1800000000003,47.6599999999962,44.0400000000009,55.9500000000044,37.5299999999988,46.760000000002,43.1299999999974,44.989999999998,0,43.4500000000044,43.989999999998,46.8099999999977,45.6699999999983,47.5600000000049,41.5799999999945,47.3600000000006,43.5461290322581,1
GI KELAPA GADING,DISJAYA,FLAMBOYAN / H,7.27999999999975,7.28999999999996,7.31999999999971,7.46000000000004,7.52000000000044,6.6899999999996,7.14000000000033,7.31999999999971,7.32000000000062,7.42999999999938,7.11999999999989,8.71000000000004,9.0600000000004,8.71000000000004,8.67000000000007,8.80000000000018,8.76999999999953,8.94000000000051,8.83999999999924,8.78000000000065,8.96000000000004,8.47999999999956,8.84000000000015,0,9.09000000000015,8.88000000000011,9.13000000000011,9.22999999999956,9.01000000000022,8.92999999999938,9.22000000000025,8.03032258064515,0
GI KELAPA GADING,DISJAYA,FLAMBOYAN / L1,8.80999999999949,12.0599999999995,10.630000000001,10.5799999999999,10.9200000000001,9.36999999999898,10.1800000000003,10.6000000000004,10.75,10.1700000000001,10.1800000000003,10.0399999999991,10.6700000000001,10.2200000000012,10.5599999999995,10.4799999999996,10.7800000000007,10.7699999999986,10.6600000000017,10.4899999999998,10.7999999999993,10.0900000000001,10.4799999999996,0,11.6100000000006,10.7199999999993,10.7700000000004,10.7999999999993,10.8299999999999,10.6900000000005,10.8700000000008,10.2122580645161,0
GI KELAPA GADING,DISJAYA,FLAMBOYAN / L2,54.1500000000015,0.559999999997672,11.7300000000032,22.6699999999983,22.9700000000012,21.4699999999975,26.5400000000009,18.4099999999999,22.4599999999991,23.6000000000022,26.4799999999996,25.380000000001,29.7799999999988,30.2599999999984,29.9800000000032,29.6699999999983,32.0900000000001,29.3400000000001,38.6800000000003,24.3100000000013,31.489999999998,29.2999999999993,30.75,0.100000000002183,32.2099999999991,30.2999999999993,32.4500000000007,31.4199999999983,32.4500000000007,28.380000000001,32.4099999999999,26.831935483871,1
GI KELAPA GADING,DISJAYA,CEMPAKA / H,0,0,0,0,0,0,0,0,0,0,0,0,0,0,0,0,0,0,0,0,0,0,0,0,0,0,0,0,0,0,0,0,0
GI KELAPA GADING,DISJAYA,CEMPAKA / L1,0,0,0,0,0,0,0,0,0,0,0,0,0,0,0,0,0,0,0,0,0,0,0,0,0.0199999999986176,0,0,0,0,0,0,0.000645161290277986,0
GI KELAPA GADING,DISJAYA,CEMPAKA / L2,0,0,0,0,0,0,0,0,0,0,0,0,0,0,0,0,0,0,0,0,0,0,0,0,0,0,0,0,0,0,0,0,0
GI KELAPA GADING,DISJAYA,AKG2 / H,6.47000000000003,0.169999999999959,0.230000000000018,1.19000000000005,0.149999999999977,0.149999999999977,0.279999999999973,0.120000000000005,0.230000000000018,0.159999999999968,0.200000000000045,0.289999999999964,0.269999999999982,0.240000000000009,0.230000000000018,0.25,0.200000000000045,0.269999999999982,0.259999999999991,0.269999999999982,0.240000000000009,0.309999999999945,0.230000000000018,0.240000000000009,0.279999999999973,0.25,0.230000000000018,0.240000000000009,0.25,0.259999999999991,0.240000000000009,0.464516129032257,0
GI KELAPA GADING,DISJAYA,AKG2 / L1,7.64999999999964,7.22000000000025,7.47999999999956,7.46000000000004,7.35999999999967,7.26000000000022,7.34000000000015,7.67000000000007,7.36999999999989,7.64000000000033,7.44999999999982,7.25,7.5,7.59000000000015,7.63999999999942,7.32000000000062,7.71000000000004,7.75,7.38999999999942,7.90000000000055,7.92999999999938,7.73000000000047,7.71000000000004,7.80000000000018,7.54999999999927,7.24000000000069,7.1899999999996,8.15999999999985,8.03999999999996,7.77000000000044,7.96000000000004,7.5816129032258,0
GI KELAPA GADING,DISJAYA,AKG2 / L2,25.0200000000004,23.0299999999988,23.630000000001,24.5200000000004,24.0999999999985,22.5499999999993,28.5500000000029,18.3499999999985,22.8400000000001,23.4000000000015,25.9399999999987,13.5299999999988,21.9200000000019,23.2199999999975,48.4700000000012,51.4900000000016,55.0399999999972,51.3400000000001,69.4700000000012,41.2000000000007,51.4099999999999,23.9199999999983,22.4400000000023,24.7999999999993,25.7900000000009,20.8899999999994,30.4599999999991,30.1700000000019,30.8299999999981,27.2099999999991,33.630000000001,30.9406451612903,1
GI KELAPA GADING,DISJAYA,CERRY / H,4.85000000000036,5.30999999999949,5.47000000000025,5.52999999999975,6.38000000000011,5.5,5.40999999999985,5.44000000000051,5.19999999999982,5.85999999999967,5.61000000000058,4.44999999999982,5.43000000000029,5.42000000000007,4.77999999999975,4.69999999999982,5.52000000000044,4.64999999999964,5.40999999999985,5.5600000000004,5.44999999999982,4.47999999999956,4.68000000000029,5.88000000000011,5.32999999999993,5.69999999999982,5.71000000000004,5.52999999999975,5.25,3.98000000000047,5.55999999999949,5.29129032258064,0
GI KELAPA GADING,DISJAYA,CERRY / L1,8.74000000000069,9.50999999999931,9.34000000000015,9.40999999999985,10.8800000000001,9.65000000000055,9.42999999999938,9.39000000000033,9.48999999999978,10.04,9.22000000000025,8.17000000000007,9.26999999999953,9.60000000000036,8.88000000000011,8.63000000000011,9.89999999999964,8.77000000000044,9.19999999999982,1.81999999999971,9.43000000000029,8.26000000000022,8.79999999999927,10.1400000000003,9.27999999999975,9.03000000000065,9.39999999999964,9.76000000000022,8.81999999999971,8.64000000000033,9.63999999999942,9.04967741935484,0
GI KELAPA GADING,DISJAYA,CERRY / L2,14.6499999999996,18.5299999999988,24.0900000000001,25.3900000000012,26.7699999999986,24.3000000000011,23.8299999999999,12.1599999999999,18.8199999999997,27.8500000000004,20.7000000000007,15.5,24.1099999999988,19.4300000000003,13.4899999999998,14.8700000000008,17.6399999999994,16.9200000000001,30.8199999999997,11.6700000000001,5.43000000000029,13.5499999999993,16.8500000000004,26.6900000000005,24.9300000000003,22.7199999999993,22.6900000000005,18.9899999999998,14.4400000000005,14.5100000000002,24.7299999999996,19.5829032258064,0
GI KELAPA GADING,DISJAYA,AGLONEMA / H,12.1499999999996,11.6399999999994,12.4799999999996,12.6700000000001,12.7800000000007,11.5799999999999,12.25,12.2700000000004,11.8199999999997,12.8299999999999,10.7700000000004,11.75,12.4099999999999,12.4099999999999,12.2099999999991,11.8600000000006,12.5699999999997,11.7800000000007,12.5299999999988,12.5799999999999,12.630000000001,11.4799999999996,11.75,12.880000000001,12.8099999999995,12.8899999999994,13.0599999999995,12.9600000000009,12.369999999999,11.7000000000007,12.8299999999999,12.2806451612903,0
GI KELAPA GADING,DISJAYA,AGLONEMA / L1,18.8500000000004,18.7000000000007,19.0200000000004,19.1699999999983,19.5600000000013,17.7799999999988,18.630000000001,18.9099999999999,18.9400000000005,18.4299999999985,17.8400000000001,18.7400000000016,18.9699999999993,18.5799999999999,19.25,18.9500000000007,19.25,19.0099999999984,18.9400000000005,18.3600000000006,18.9699999999993,17.6499999999996,18.6000000000004,19,18.75,19.0200000000004,19.1499999999996,18.9799999999996,19.2300000000014,19.0599999999995,18.869999999999,18.8116129032258,0
GI KELAPA GADING,DISJAYA,AGLONEMA / L2,33.4399999999987,34.1500000000015,39.7899999999972,41.0200000000004,42.7799999999988,38.7200000000012,45.2400000000016,26.239999999998,33.6200000000026,41.5699999999997,33.4399999999987,29.6100000000006,41.3999999999978,39.3900000000031,32.2299999999996,34.0499999999993,41.0600000000013,33.9599999999991,51.9699999999975,34.3600000000006,41.2000000000007,30.9700000000012,33.489999999998,45.1900000000023,42.7799999999988,42.5099999999984,43.4700000000012,40.6900000000023,35.1299999999974,31.0800000000017,44.6299999999974,38.0380645161289,1
GI KELAPA GADING,DISJAYA,KRISSAN / H,9.3100000000004,9.13999999999942,9.42000000000007,9.40999999999985,9.78000000000065,8.76999999999953,9.15999999999985,9,9.35000000000036,9.60000000000036,9.30999999999949,9.19999999999982,9.47000000000025,9.17000000000007,9.02999999999975,8.98999999999978,9.44000000000051,9.26000000000022,9.42999999999938,9.38000000000011,9.18000000000029,8.60999999999967,8.99000000000069,9.4399999999996,9.35000000000036,9.30999999999949,9.35000000000036,9.34999999999945,9,9.39000000000033,10.0600000000004,9.27903225806453,0
GI KELAPA GADING,DISJAYA,KRISSAN / L1,15.8000000000011,15.6099999999988,15.4900000000016,15.7899999999991,11.1499999999996,14.3100000000013,15.2599999999984,15.3900000000012,15.9699999999993,15.2299999999996,15.5900000000001,15.3900000000012,15.8999999999996,15.7199999999993,15.9400000000005,15.5900000000001,16.1100000000006,16.0699999999997,15.9200000000001,15.5699999999997,19.7600000000002,10.8099999999995,15.6399999999994,15.880000000001,15.5399999999991,15.7900000000009,15.9399999999987,15.9000000000015,16.7600000000002,16.1999999999989,17.1900000000005,15.5874193548387,0
GI KELAPA GADING,DISJAYA,KRISSAN / L2,24.8199999999997,24.119999999999,24.9200000000019,25.9399999999987,23.5,19.2999999999993,29.5699999999997,18.9000000000015,23.1599999999999,26.8199999999997,25.7900000000009,20.4399999999987,26.0699999999997,25.2000000000007,23.5200000000004,23.4700000000012,26.1599999999999,23,31.9699999999975,21.1100000000006,25.5600000000013,22.2200000000012,22.1899999999987,26.5400000000009,25.6299999999974,25.0200000000004,25.9300000000003,25.7700000000004,24.5600000000013,21.989999999998,28.4900000000016,24.5703225806452,1
GI KELAPA GADING,DISJAYA,EDELWIS / H,0,0,0,0,0,0,0,0,0,0,0,0,0,0,0,0,0,0,0,0,0,0,0,0,0,0,0,0,0,0,0,0,0
GI KELAPA GADING,DISJAYA,EDELWIS / L1,0,0,0,0,0,0,0,0,0,0,0,0,0,0,0,0,0,0,0,0,0,0,0,0,0,0,0,0,0,0,0,0,0
GI KELAPA GADING,DISJAYA,EDELWIS / L2,0,0,0,0,0,0,0,0,0,0,0,0,0,0,0,0,0,0,0,0,0,0,0,0,0,0,0,0,0,0,0,0,0
GI KELAPA GADING,DISJAYA,KAKTUS / H,9.44000000000051,8.53999999999996,9.31999999999971,9.46000000000004,6.77000000000044,6.34000000000015,6.45999999999913,6.46000000000004,6.41000000000076,6.75,6.57999999999993,6.17999999999938,6.71000000000004,6.44000000000051,6.44999999999982,6.3100000000004,6.61999999999989,6.35999999999967,6.68000000000029,6.61999999999989,6.67000000000007,6.1899999999996,6.34000000000015,6057.25,6.78999999999996,6.71000000000004,6.69999999999982,7,6.61999999999989,6.64000000000033,7.13000000000011,202.094838709677,0
GI KELAPA GADING,DISJAYA,KAKTUS / L1,12.7199999999993,12.6000000000004,12.8299999999999,11.5699999999997,9.59000000000015,8.93000000000029,9.30000000000018,9.27999999999975,9.39000000000033,9.84999999999945,9.19999999999982,9.09000000000015,9.36000000000058,9.15999999999985,9.34999999999945,9.32000000000062,9.60999999999967,9.39999999999964,9.75,9.18000000000029,9.34000000000015,8.9399999999996,9.43000000000029,7303.54,9.72000000000025,9.40999999999985,9.56999999999971,9.61000000000058,9.6299999999992,9.51000000000022,9.76000000000022,245.094838709677,0
GI KELAPA GADING,DISJAYA,KAKTUS / L2,34.8100000000013,35.4699999999975,42.5800000000017,39.5200000000004,27.119999999999,25.0900000000001,29.8400000000001,18.0400000000009,22.6399999999994,27.5099999999984,26.3000000000029,19.9499999999971,26.5600000000013,24.7200000000012,21.9699999999975,23.260000000002,26.6699999999983,21.9400000000023,33.2199999999975,22.010000000002,26.0099999999984,21.119999999999,22.510000000002,20485.93,28.4099999999999,27.4900000000016,28.1399999999994,25.9699999999975,23.25,21.130000000001,29.0400000000009,686.716774193548,0
GI KELAPA GADING,DISJAYA,DAHLIA / H,19.9799999999996,19.4200000000001,19.8700000000008,20.1900000000005,20.5199999999986,18.1200000000008,19.3199999999997,19.8299999999999,19.8000000000011,20.5999999999985,19.5100000000002,19.3900000000012,20.0499999999993,19.6800000000003,19.6299999999992,19.4400000000005,20.0300000000007,20.1099999999988,20.2700000000004,20.0499999999993,20.2200000000012,18.7799999999988,19.5,20.5400000000009,20.2600000000002,20.25,20.2999999999993,20.3900000000012,19.8299999999999,20.2399999999998,20.9599999999991,19.9058064516129,0
GI KELAPA GADING,DISJAYA,DAHLIA / L1,31.5900000000001,31.3100000000013,31.6899999999987,32.3100000000013,32.7999999999993,28.7400000000016,31.0099999999984,32.010000000002,32.4399999999987,31.2799999999988,30.7700000000004,30.8100000000013,32.2999999999993,31.0900000000001,32.2099999999991,32.0499999999993,33.0699999999997,32.9200000000019,32.3299999999981,31.3900000000031,32.489999999998,30.5499999999993,32.2299999999996,33.1800000000003,31.5300000000025,31.9399999999987,32.6500000000015,32.5099999999984,33.0699999999997,32.3899999999994,33.260000000002,31.9329032258065,1
GI KELAPA GADING,DISJAYA,DAHLIA / L2,51.1699999999983,49.4799999999959,51.0800000000017,53.2099999999991,54.8000000000029,49.7999999999956,61.5900000000038,41.5899999999965,49.8800000000047,56.0999999999985,53.9000000000015,43.6999999999971,52.760000000002,51.3799999999974,49.510000000002,50.4000000000015,54.6699999999983,50.1900000000023,66.989999999998,43.2200000000012,54.7099999999991,48.2200000000012,49.3199999999997,57.5599999999977,54.9599999999991,54.5200000000041,54.6800000000003,55.0299999999988,54.2599999999948,47.4300000000003,57.2800000000061,52.3674193548387,1
GI KELAPA GADING,DISJAYA,LAVENDER / H,1.45000000000005,1.49000000000001,1.54999999999995,1.26999999999998,0,1.25,0,0,0,0,0,0,0,0,0,0,0,0,0,0,0,0,0,0,0,0,0,0,0,0,0,0.226129032258064,0
GI KELAPA GADING,DISJAYA,LAVENDER / L1,2.80000000000018,2.88999999999987,2.92000000000007,2.38999999999987,0,0.590000000000146,0,0,0,0,0,0,0,0,0,0,0,0,0,0,0,0,0,0,0,0,0,0,0,0,0,0.37387096774194,0
GI KELAPA GADING,DISJAYA,LAVENDER / L2,4.48000000000002,4.58999999999969,4.3100000000004,1.84999999999991,0,2.4699999999998,0,0,0,0,0,0,0,0,0,0,0,0,0,0,0,0,0,0,0.0100000000002183,0,0,0,0,0,0,0.571290322580646,0
GI KELAPA GADING,DISJAYA,ASTER / H,3.58999999999969,3.42000000000007,4.09000000000015,4.0300000000002,0,4.01999999999998,3.00999999999976,3.61000000000013,3.52999999999975,4.03999999999996,3.92000000000007,3.51999999999998,4.09000000000015,3.21000000000004,3.59000000000015,3.46000000000004,4.13999999999987,3.58999999999969,4.12000000000035,3.90999999999985,4.01000000000022,3.48999999999978,3.51999999999998,4.17000000000007,4.02999999999975,4.09000000000015,4.15999999999985,4.08000000000038,3.66999999999962,3.47000000000025,4.28999999999996,3.67322580645161,0
GI KELAPA GADING,DISJAYA,ASTER / L1,5.09999999999945,4.97000000000025,5.26999999999953,5.30000000000018,0,2.73999999999978,5.14000000000033,5.26000000000022,5.07999999999993,5.53999999999996,5.06999999999971,55.0100000000002,4.28999999999996,5.23000000000047,5.17999999999938,5.03000000000065,5.30999999999949,5.21000000000004,5.22000000000025,5.09999999999945,5.3100000000004,5.07999999999993,5.25,5.35999999999967,5.17000000000007,5.24000000000069,5.29999999999927,5.17000000000007,5.3100000000004,5.26999999999953,5.45000000000073,6.54709677419355,0
GI KELAPA GADING,DISJAYA,ASTER / L2,10.9300000000003,12.2000000000007,16.8099999999995,17.1000000000004,0,12.1800000000003,7.92999999999847,8.56000000000131,12.0399999999991,18.9400000000005,14.7299999999996,10.7100000000009,15.2600000000002,8.8799999999992,10.8700000000008,12.3099999999995,16.7600000000002,12.3299999999999,22.6900000000005,14.4899999999998,16.7199999999993,10.4099999999999,11.9400000000005,19.6000000000004,18.0799999999999,18.1299999999992,18.4300000000003,17.0100000000002,11.6999999999989,11.3700000000008,19.2600000000002,13.8183870967742,0
GI KELAPA GADING,DISJAYA,SEROJA / H,6.47000000000025,6.25999999999931,6.61000000000058,6.61999999999989,0,6.75,6.39000000000033,6.40999999999985,6.4399999999996,6.80000000000018,6.35000000000036,6.20999999999913,6.64000000000033,6.61999999999989,6.44000000000051,6.32999999999993,6.69999999999982,6.5,6.78999999999996,6.63000000000011,6.75,6.21000000000004,6.43000000000029,6.85999999999967,6.76000000000022,6.85999999999967,6.96000000000004,6.94999999999982,6.60000000000036,6.34999999999945,6.97000000000025,6.37612903225806,0
GI KELAPA GADING,DISJAYA,SEROJA / L1,10.1200000000008,10.3299999999999,10.369999999999,10.4500000000007,0,4.92000000000007,9.8799999999992,10.25,10.4700000000012,9.97999999999956,9.85000000000036,9.93000000000029,10.4599999999991,10.1900000000005,10.4799999999996,10.4600000000009,10.7599999999984,10.7200000000012,10.5299999999988,10.3299999999999,10.4900000000016,9.92000000000007,10.4099999999999,10.7899999999991,10.3400000000001,10.5,10.7800000000007,10.4399999999987,10.7000000000007,10.4099999999999,10.7900000000009,9.87258064516133,0
GI KELAPA GADING,DISJAYA,SEROJA / L2,17.5599999999995,18.0400000000009,19.5799999999999,20.1899999999987,0,19.380000000001,22.2399999999998,14.1800000000003,17.4099999999999,21.3299999999999,19.1800000000003,14.9899999999998,20.75,19.0799999999999,17.5100000000002,18.0299999999988,20.4400000000005,18.0499999999993,25.5400000000009,16.9500000000007,20.5099999999984,17.0300000000007,17.5699999999997,22.2100000000009,20.9699999999993,21.0200000000004,21.2299999999996,20.5699999999997,18.7600000000002,16.8199999999997,21.7300000000014,18.6725806451613,0
GI KELAPA GADING,DISJAYA,ASOKA / H,1.64000000000033,1.44999999999982,1.82000000000016,1.80999999999995,0,1.79999999999973,1.78999999999996,1.58000000000038,1.55999999999995,1.80999999999995,1.86999999999989,1.47000000000025,1.50999999999976,2.38999999999987,1.61000000000013,1.61999999999989,2.01999999999998,1.48000000000002,2.12000000000035,2.09999999999991,1.92999999999984,1.65999999999985,1.61000000000013,1.94000000000005,1.84999999999991,2.0300000000002,2.00999999999976,1.98000000000002,1.65000000000009,1.55999999999995,1.99000000000024,1.73096774193549,0
GI KELAPA GADING,DISJAYA,ASOKA / L1,1.96000000000004,1.90999999999985,1.96000000000004,2.01999999999998,0,0.990000000000236,1.94999999999982,1.96000000000004,1.98000000000002,1.98000000000002,1.94000000000005,1.92999999999984,1.92000000000007,1.90000000000009,1.84999999999991,1.94000000000005,2,2.05999999999995,1.94999999999982,1.99000000000024,1.86999999999989,1.86999999999989,1.92000000000007,1.91000000000031,1.98000000000002,1.88999999999987,1.88000000000011,1.88999999999987,1.84000000000015,1.89999999999964,1.92000000000007,1.84064516129032,0
GI KELAPA GADING,DISJAYA,ASOKA / L2,6.84000000000015,7.75,10.1800000000003,10.3700000000008,0,10.0799999999999,11.0499999999993,5.47999999999956,7.3700000000008,11.6399999999994,9.6200000000008,6.93999999999869,11.0700000000015,9.01999999999862,7.01000000000022,7.6200000000008,10.2600000000002,8.02999999999884,13.6400000000012,2.88999999999942,16.25,6.81999999999971,8.47000000000116,11.4299999999985,11.5400000000009,11.4300000000003,11.6299999999992,10.5599999999995,7.54000000000087,7.70000000000073,11.9599999999991,9.10290322580647,0
GI KELAPA GADING,DISJAYA,HIBISCUS / H,13.7600000000002,13.8099999999995,13.4699999999993,13.8900000000012,0,14.3799999999992,13.3299999999999,13.8299999999999,14.1800000000003,14,13.2900000000009,13.3599999999988,13.8100000000013,13.3999999999996,13.5599999999995,13.9200000000001,13.8600000000006,14.3299999999999,13.8400000000001,13.7999999999993,13.7800000000007,13.5100000000002,13.9599999999991,14.0699999999997,13.6700000000001,14.0799999999999,13.7700000000004,13.75,13.6900000000005,14.2099999999991,13.8299999999999,13.3593548387097,0
GI KELAPA GADING,DISJAYA,HIBISCUS / L1,21.3400000000001,20.9799999999996,21.1399999999994,21.5200000000004,0,9.4900000000016,20.9599999999991,21.7200000000012,21.6599999999999,20.8899999999994,20.7099999999991,20.380000000001,21.630000000001,21.0199999999968,21.5699999999997,21.2100000000028,21.9399999999987,21.8899999999994,21.6200000000026,20.9199999999983,21.5699999999997,20.5600000000013,21.2599999999984,21.9400000000023,21.0799999999981,21.2200000000012,21.4599999999991,21.5400000000009,22.0699999999997,21.1499999999978,21.8100000000013,20.2661290322581,1
GI KELAPA GADING,DISJAYA,HIBISCUS / L2,36.0299999999988,36.1399999999994,35.760000000002,37.2700000000004,0,37.4799999999996,41.739999999998,29.4500000000007,35.630000000001,39.2400000000016,37.1699999999983,29.5400000000009,36.5999999999985,35.0499999999993,35.0500000000029,35.3899999999994,37.7900000000009,35.989999999998,45.7700000000004,30.8199999999997,36.9099999999999,34.9500000000007,34.5799999999981,39.1000000000022,36.7099999999991,37.7299999999996,37.5600000000013,37.2099999999991,37.7200000000012,33.6499999999978,38.1900000000023,35.2329032258065,1
GI KELAPA GADING,DISJAYA,LOTUS / H,0,0,0,0,0,0,0,0,0,0,3.05000000000001,0,0,0,0,0,0,0,0,7.05000000000001,0,0,0,0,9.55000000000001,0,0,0,0,0,0,0.633870967741937,0
GI KELAPA GADING,PLN,LOTUS / L1,0,0,0,0,0,0,0,0,0,0,0,0,0,0,0,0,0,0,9.91999999999996,4.11000000000001,0,0,0,5.55000000000007,4.61000000000001,0,0,0,0,0,0,0.780322580645163,0
GI KELAPA GADING,PLN,LOTUS / L2,0,0,0,0,0,0,0,0,0,4,9.12999999999988,0,0,0,0,0,0,0,7.84999999999991,7.18000000000006,0,0,0,12.8500000000001,30.3999999999999,0,0,0,0,0,0,2.30354838709677,0
GI KELAPA GADING,PLN,KOCHIA / H,0,0,0,0,0,0,0,0,0,0,0,0,0,0,0,0,0,0,0,0,0,0,0,0,0,0,0,0,0,0,0,0,0
GI KELAPA GADING,PLN,KOCHIA / L1,0,0,0,0,0,0,0,0,0,0,0,0,0,0,0,0,0,0,0,0,0,0,0,0,0,0,0,0,0,0,0,0,0
GI KELAPA GADING,PLN,KOCHIA / L2,0,0,0,0,0,0,0,0,0,0,0,0,0,0,0,0,0,0,0,0,0,0,0,0,0,0,0,0,0,0,0,0,0
GI KELAPA GADING,PLN,TRAFO 1 / H,49.9199999999837,48.8600000000151,50.359999999986,50.6900000000023,48.960000000021,46.179999999993,24.38,25.23,25.78,26.7,28.6,24.61,26.52,25.1,24.98,25.37,26.76,26.01,26.93,33.5599999999999,26.58,24.9,25.6,27.07,36.01,27.1300000000001,26.9499999999999,26.8000000000001,25.52,25.66,27.16,31.1251612903226,1
GI KELAPA GADING,PLN,TRAFO 1 / L1,80.3600000000151,80.6399999999849,81.390000000014,80.5299999999988,83.7799999999988,73.140000000014,37.74,39.26,39.32,38.4,37.69,37.32,38.3,38.31,39.05,38.78,40.13,40.05,49.34,42.6099999999999,39.38,37.46,38.9400000000001,45.5899999999999,43.37,38.97,39.47,39.01,39.9,38.83,40.12,47.6509677419363,1
GI KELAPA GADING,PLN,TRAFO 1 / L2,141.849999999977,130.620000000054,157.819999999949,149.370000000054,143.719999999972,143.5,49.28,107.06,72.63,93.87,91.3800000000001,61.98,82.94,72.15,70.4300000000001,75.8,84.0500000000001,73.5799999999999,115.59,80.98,81.8599999999999,67.8900000000001,72.6900000000001,106.11,118.95,86.3,90.23,87.3499999999999,73.4300000000001,68.74,92.3499999999999,94.9838709677421,2
GI KELAPA GADING,PLN,TRAFO 1 / KVARH,272.179999999935,260.140000000014,289.559999999939,280.620000000112,276.419999999925,262.830000000075,161.45,121.5,137.66,159.07,157.66,123.89,147.8,135.62,134.37,139.94,150.94,139.64,191.88,157.16,147.79,30.25,237.29,178.71,198.33,152.44,170.68,139.1,273.84,133.23,159.66,178.117741935484,2
GI KELAPA GADING,PLN,TRAFO 1 / H,49.9700000000012,48.8599999999969,50.4000000000051,50.7199999999939,48.9800000000032,46.1999999999971,0,0,0,0,0,0,0,0,0,0,0,0,0,0,0,0,0,0,0,0,0,0,0,0,0,9.52032258064508,0
GI KELAPA GADING,PLN,TRAFO 1 / L1,80.4000000000015,80.6900000000023,81.4399999999951,80.5900000000038,83.8199999999997,73.1699999999983,0,0,0,0,0,0,0,0,0,0,0,0,0,0,0,0,0,0,0,0,0,0,0,0,0,15.4874193548387,0
GI KELAPA GADING,PLN,TRAFO 1 / L2,141.690000000002,130.559999999998,157.720000000001,149.259999999995,143.580000000002,143.779999999999,0,0,0,0,0,0,0,0,0,0,0,0,0,0,0,0,0,0,0,0,0,0,0,0,0,27.9545161290321,1
GI KELAPA GADING,PLN,TRAFO 1 / KVARH,272.029999999999,260.130000000005,289.570000000007,280.570000000007,276.350000000006,263.199999999983,0,0,0,0,0,0,0,0,0,0,0,0,0,0,0,0,0,0,0,0,0,0,0,0,0,52.9629032258066,1
GI KELAPA GADING,PLN,TRAFO 2 / H,79.679999999993,71.929999999993,74.9700000000012,76.5499999999884,77.8300000000163,43.9500000000116,49.1199999999953,48.8500000000058,47.8500000000058,49.5999999999767,44.1200000000244,49.4199999999837,52.2200000000012,50.640000000014,49.5799999999872,49.8600000000151,52.3899999999849,50.890000000014,52.5799999999872,51.9200000000128,52.3899999999849,48.0299999999988,50.1000000000058,0,53.5599999999977,52.390000000014,53.109999999986,53.2799999999988,50.8099999999977,50.5200000000186,54.609999999986,52.991935483871,1
GI KELAPA GADING,PLN,TRAFO 2 / L1,123.880000000005,123.5,124.619999999995,125.780000000028,100.659999999974,77.5599999999977,78.6899999999732,80.2600000000093,79.4100000000035,76.9700000000012,75.7200000000012,67.9500000000116,81.5599999999977,78.2399999999907,80.2200000000012,80.1199999999953,82.6900000000023,82.5299999999988,82.1900000000023,79.5299999999697,82.1900000000023,76.6500000000233,80.320000000007,0,65.5599999999977,81.7199999999721,82.9700000000303,82.8099999999977,82.929999999993,81.7600000000093,84.6199999999953,83.3422580645157,2
GI KELAPA GADING,PLN,TRAFO 2 / L2,224.819999999949,210.930000000051,264.569999999949,256.5,236.430000000051,153.630000000005,175.75,109.780000000028,128.75,145.099999999977,137.210000000021,119.289999999979,153.179999999993,153.409999999974,146.060000000056,151.059999999998,161.219999999972,142.190000000002,201.809999999998,161.909999999974,286.47000000003,138.340000000026,145.159999999974,0,168.869999999995,163.849999999977,171.059999999998,168.160000000033,152,135.429999999993,173.349999999977,165.686774193548,2
GI KELAPA GADING,PLN,TRAFO 2 / KVARH,428.160000000149,406.459999999963,464.120000000112,458.879999999888,414.810000000056,275.060000000056,303.559999999939,238.880000000005,256.060000000056,271.629999999888,257.120000000112,236.579999999958,286.979999999981,282.319999999949,275.870000000112,280.979999999981,296.29999999993,275.660000000033,336.630000000005,293.309999999939,421,263.060000000056,275.560000000056,0,287.969999999972,298.030000000028,333.939999999944,277.380000000005,285.739999999991,267.760000000009,312.619999999995,302.013870967747,2
GI KELAPA GADING,PLN,TRAFO 2 / H,79.6500000000015,71.9099999999962,74.9599999999991,76.5299999999988,77.7900000000009,43.9599999999991,49.1500000000015,48.8799999999974,47.8400000000038,49.6399999999994,44.0999999999985,49.4599999999991,52.2700000000041,50.6899999999951,49.6300000000047,49.8899999999994,52.4499999999971,50.9100000000035,52.6299999999974,51.9800000000032,52.4499999999971,48.0699999999997,50.1300000000047,0,53.5999999999985,52.4499999999971,53.1500000000015,53.3399999999965,50.8600000000006,50.5400000000009,54.6600000000035,53.0183870967742,1
GI SUNTER,DISJAYA,MONETER / H,0,0,0,0,0,0,0,0,0,0,0,0,0,0,0,0,0,0,0,0,0,0,0,0,0,0,0,0,0,0,0,0,0
GI SUNTER,DISJAYA,MONETER / L1,0,0,0,0,0,0,0,0,0,0,0,0,0,0,0,0,0,0,0,0,0,0,0,0,0,0,0,0,0,0,0,0,0
GI SUNTER,DISJAYA,MONETER / L2,0,0,0,0,0,0,0,0,0,0,0,0,0,0,0,0,0,0,0,0,0,0,0,0,0,0,0,0,0,0,0,0,0
GI SUNTER,DISJAYA,MARKET / H,0,0,0,0,0,0,0,0,0,0,0,0,0,0,0,0,0,0,0,0,0,0,0,0,0,0,0,0,0,0,0,0,0
GI SUNTER,DISJAYA,MARKET / L1,0,0,0,0,0,0,0,0,0,0,0,0,0,0,0,0,0,0,0,0,0,0,0,0,0,0,0,0,0,0,0,0,0
GI SUNTER,DISJAYA,MARKET / L2,0,0,0,0,0,0,0,0,0,0,0,0,0,0,0,0,0,0,0,0,0,0,0,0,0,0,0,0,0,0,0,0,0
GI SUNTER,DISJAYA,BISNIS / H,0,0,0,0,0,0,0,0,0,0,0,0,0,0,0,0,0,0,0,0,0,0,0,0,0,0,0,0,0,0,0,0,0
GI SUNTER,DISJAYA,BISNIS / L1,0,0,0,0,0,0,0,0,0,0,0,0,0,0,0,0,0,0,0,0,0,0,0,0,0,0,0,0,0,0,0,0,0
GI SUNTER,DISJAYA,BISNIS / L2,0,0,0,0,0,0,0,0,0,0,0,0,0,0,0,0,0,0,0,0,0,0,0,0,0,0,0,0,0,0,0,0,0
GI SUNTER,DISJAYA,INFLASI / H,0,0,0,0,0,0,0,0,0,0,0,0,0,0,0,0,0,0,0,0,0,0,0,0,0,0,0,0,0,0,0,0,0
GI SUNTER,DISJAYA,INFLASI / L1,0,0,0,0,0,0,0,0,0,0,0,0,0,0,0,0,0,0,0,0,0,0,0,0,0,0,0,0,0,0,0,0,0
GI SUNTER,DISJAYA,INFLASI / L2,0,0,0,0,0,0,0,0,0,0,0,0,0,0,0,0,0,0,0,0,0,0,0,0,0,0,0,0,0,0,0,0,0
GI SUNTER,DISJAYA,KUOTA / H,0,0,0,0,0,0,0,0,0,0,0,0,0,0,0,0,0,0,0,0,0,0,0,0,0,0,0,0,0,0,0,0,0
GI SUNTER,DISJAYA,KUOTA / L1,0,0,0,0,0,0,0,0,0,0,0,0,0,0,0,0,0,0,0,0,0,0,0,0,0,0,0,0,0,0,0,0,0
GI SUNTER,DISJAYA,KUOTA / L2,0,0,0,0,0,0,0,0,0,0,0,0,0,0,0,0,0,0,0,0,0,0,0,0,0,0,0,0,0,0,0,0,0
GI SUNTER,DISJAYA,EMBARGO / H,0.594999999999999,0,0,11.855,3.494,0,0.00100000000000477,6.15499999999997,0.0010000000000332,0,0.000999999999976353,0,0.0010000000000332,0,0,0.000999999999976353,0,0.000999999999976353,0,0,0.0010000000000332,7.70699999999999,0,0,0.000999999999976353,0.432000000000016,0,0.000999999999976353,0,0,0.0010000000000332,0.975741935483872,0
GI SUNTER,DISJAYA,EMBARGO / L1,0.0010000000000332,0.000999999999976353,0,23.086,3.361,0,3.90700000000004,1.31299999999999,0,0,0.00200000000000955,0.000999999999976353,0.000999999999976353,0.0010000000000332,0.00499999999999545,0.000999999999976353,0.0010000000000332,0.000999999999976353,0.0010000000000332,0.000999999999976353,5.90199999999999,6.77100000000002,0,0,0.00200000000000955,0.611999999999966,0.00200000000000955,0,0.0010000000000332,0.000999999999976353,1.34100000000001,1.49406451612903,0
GI SUNTER,DISJAYA,EMBARGO / L2,2.41399999999999,0.000999999999976353,11.4350000000001,20.947,6.982,0,5.91499999999996,24.895,0.00200000000006639,0,0.00199999999995271,0.000999999999976353,0.00200000000006639,0.000999999999976353,0.000999999999976353,0.00200000000006639,0.000999999999976353,0.000999999999976353,0.000999999999976353,0.000999999999976353,9.82800000000009,13.5709999999999,0,0,0.0210000000000719,0.625,0.00199999999995271,0,0.00200000000006639,0.000999999999976353,3.07299999999998,3.217,0
GI SUNTER,DISJAYA,EKONOMI / H,14.6209999999992,15.0700000000006,15.0360000000001,15.5769999999993,14.9,14.0329999999994,14.8320000000003,15.5250000000005,15.3799999999992,0,29.9750000000004,14.5429999999997,13.7580000000007,14.2549999999992,14.866,14.7710000000006,14.4089999999997,13.7930000000006,13.9769999999999,13.902,14.473,14.8609999999999,14.9070000000002,14.9099999999999,14.8809999999994,14.4390000000003,14.0680000000002,14.3900000000003,14.8869999999997,14.7139999999999,14.6639999999998,14.6586129032258,0
GI SUNTER,DISJAYA,EKONOMI / L1,22.3420000000006,23.4199999999992,23.6140000000005,24.3369999999995,23.876,22.7330000000002,23.902,24.0519999999997,23.6060000000007,0,46.8449999999993,23.375,22.5650000000005,22.5919999999996,22.8599999999997,22.7400000000007,22.4899999999998,21.9759999999997,22.2130000000006,22.5639999999994,22.6880000000001,22.5169999999998,23.0940000000001,23.0900000000001,23.1120000000001,23.4440000000004,23.4839999999995,22.3320000000003,22.5889999999999,22.3710000000001,22.7789999999995,23.0194193548387,1
GI SUNTER,DISJAYA,EKONOMI / L2,32.5909999999985,39.5879999999997,35.7510000000002,28.0640000000003,43.349,37.8410000000003,28.4779999999992,43.8040000000001,43.9660000000003,0,71.9889999999996,31.5030000000006,34.098,27.121000000001,41.4129999999986,42.7920000000013,46.1299999999992,24.1949999999997,28.1059999999998,41.8230000000003,29.4009999999998,35.7569999999996,36.9639999999999,36.9600000000009,33.780999999999,49.8550000000014,38.2489999999998,14.2179999999989,49.6890000000003,34.6220000000012,29.2459999999992,35.8498064516129,1
GI SUNTER,DISJAYA,EKSPOR / H,7.49699999999984,7.42000000000007,7.54400000000032,7.82999999999993,7.775,7.63199999999961,7.4380000000001,7.90300000000025,7.86199999999963,0,15.4550000000004,7.83699999999999,7.9069999999997,7.04600000000028,7.49299999999994,7.53400000000011,7.55999999999995,7.05999999999995,7.42200000000003,7.07899999999972,6.97200000000021,7.51699999999983,7.38800000000037,6.79999999999973,8.19300000000021,7.65200000000004,7.68899999999985,7.64199999999983,7.58300000000008,7.65300000000025,7.62299999999959,7.54858064516128,0
GI SUNTER,DISJAYA,EKSPOR / L1,9.06100000000015,9.26099999999997,9.12800000000016,9.35099999999966,9.271,9.32400000000007,9.37699999999995,9.50900000000001,9.46000000000004,0,18.5409999999997,9.29899999999998,8.98000000000002,9.04600000000028,9.05999999999995,9.19900000000007,9.24399999999969,8.79400000000032,8.92699999999968,9.02200000000039,9.04700000000003,9.14799999999968,9.07300000000032,8.77599999999984,9.33399999999983,9.41000000000031,9.36299999999983,9.03699999999981,9.17399999999998,9.2800000000002,9.221,9.18441935483871,0
GI SUNTER,DISJAYA,EKSPOR / L2,20.9629999999997,25.7020000000002,22.7889999999998,17.1959999999999,26.878,21.2139999999999,16.1219999999994,29.0460000000003,29.2179999999998,0,47.4070000000002,19.0860000000002,19.4039999999995,15.2250000000004,27.9120000000003,28.7159999999994,27.0840000000007,15.2159999999994,16.8360000000002,23.7370000000001,17.2780000000002,23.5249999999996,24.2359999999999,24.2399999999998,21.4650000000001,31.5070000000005,21.5039999999999,7.84299999999985,34.125,23.0599999999995,18.8150000000005,22.495129032258,1
GI SUNTER,DISJAYA,DEVISA / H,0,0,0,0,0,0,0,0,0,0,0,0,0,0,0,0,0,0,0,0,0,0,0,0,0,0,0,0,0,0,0,0,0
GI SUNTER,DISJAYA,DEVISA / L1,0,0,0,0,0,0,0,0,0,0,0,0,0,0,0,0,0,0,0,0,0,0,0,0,0,0,0,0,0,0,0,0,0
GI SUNTER,DISJAYA,DEVISA / L2,0,0,0,0,0,0,0,0,0,0,0,0,0,0,0,0,0,0,0,0,0,0,0,0,0,0,0,0,0,0,0,0,0
GI SUNTER,DISJAYA,BARTER / H,0,0,0,0,0,0,0,0,0,0,0,0,0,0,0,0,0,0,0,0,0,0,0,0,0,0,0,0,0,0,0,0,0
GI SUNTER,DISJAYA,BARTER / L1,0,0,0,0,0,0,0,0,0,0,0,0,0,0,0,0,0,0,0,0,0,0,0,0,0,0,0,0,0,0,0,0,0
GI SUNTER,DISJAYA,BARTER / L2,0,0,0,0,0,0,0,0,0,0,0,0,0,0,0,0,0,0,0,0,0,0,0,0,0,0,0,0,0,0,0,0,0
GI SUNTER,DISJAYA,INVESTOR / H,0,0,0,0,0,0,0,0,0,0,0,0,0,0,0,0,0,0,0,0,0,0,0,0,0,0,0,0,0,0,0,0,0
GI SUNTER,DISJAYA,INVESTOR / L1,0,0,0,0,0,0,0,0,0,0,0,0,0,0,0,0,0,0,0,0,0,0,0,0,0,0,0,0,0,0,0,0,0
GI SUNTER,DISJAYA,INVESTOR / L2,0,0,0,0,0,0,0,0,0,0,0,0,0,0,0,0,0,0,0,0,0,0,0,0,0,0,0,0,0,0,0,0,0
GI SUNTER,DISJAYA,GROSIR / H,6.37799999999999,6.37700000000001,6.50799999999998,6.495,6.188,1.97799999999995,17.487,0.944000000000017,4.709,0,13.7719999999999,6.88200000000006,5.98099999999999,5.50800000000004,6.37699999999995,6.60900000000004,6.58100000000002,5.63799999999992,6.67200000000003,5.59000000000003,5.51099999999997,6.5,6.52099999999996,6.56000000000006,6.48000000000002,6.56700000000001,5.80499999999995,5.45299999999997,6.51999999999998,6.52200000000005,6.72500000000002,6.31735483870968,0
GI SUNTER,DISJAYA,GROSIR / L1,10.126,9.99299999999994,10.053,10.2280000000001,9.578,10.235,10.0599999999999,11.25,10.904,0,22.2430000000001,11.3049999999999,10.6650000000001,10.062,10.222,10.476,10.318,9.97799999999995,10.2900000000001,9.57499999999993,9.75,9.98599999999999,10.259,10.2610000000001,9.95899999999995,10.157,10.0310000000001,9.70899999999983,10.068,10.115,10.346,10.2645806451613,0
GI SUNTER,DISJAYA,GROSIR / L2,23.97,29.3049999999998,25.8570000000002,19.3329999999999,28.007,18.088,14.1079999999999,33.201,33.1960000000001,0,54.2919999999999,19.903,16.4579999999999,13.5990000000002,32.4090000000001,33.2149999999997,25.3150000000001,17.8690000000001,18.0320000000002,19.7849999999999,16.6280000000002,26.7309999999998,28.3609999999999,28.3600000000001,24.203,31.6930000000002,17.232,7.07400000000007,39.7199999999998,26.48,21.681,24.0033870967742,1
GI SUNTER,DISJAYA,LOGISTIK / H,9.24600000000009,9.60100000000011,9.49699999999984,9.94700000000012,9.515,1.16300000000001,7.51800000000003,9.92599999999993,10.2309999999998,0,19.1170000000002,9.16499999999996,7.70600000000013,7.56700000000001,9.51199999999972,9.49000000000024,9.30299999999988,7.39300000000003,9.2170000000001,7.60300000000007,7.76600000000008,9.63899999999967,9.54600000000028,9.54999999999973,9.52300000000014,9.48399999999992,7.63400000000001,7.51499999999987,9.51200000000017,9.41699999999992,9.44000000000005,8.76590322580645,0
GI SUNTER,DISJAYA,LOGISTIK / L1,14.9359999999997,16.1610000000001,15.9349999999995,16.1370000000006,15.298,1.95399999999972,15.3140000000003,16.643,16.2609999999995,0,32.1570000000002,15.0610000000006,13.9899999999998,15.2699999999995,15.7020000000002,15.9830000000002,15.1000000000004,14.6769999999997,14.7119999999995,13.8370000000004,15.7079999999996,15.7120000000004,15.8239999999996,15.8200000000006,16.0609999999997,15.3900000000003,14.5109999999995,14.799,15.6419999999998,15.6810000000005,15.4039999999995,15.021935483871,0
GI SUNTER,DISJAYA,LOGISTIK / L2,36.1710000000003,44.110999999999,40.2700000000004,30.482,34.971,11.3880000000008,19.7610000000004,50.2919999999995,49.9420000000009,0,81.1319999999996,29.235999999999,20.5360000000001,19.1020000000008,48.6919999999991,49.0789999999997,34.1150000000016,26.6409999999996,26.8249999999989,25.4170000000013,24.7349999999988,41.3470000000016,42.893,42.8899999999994,38.0259999999998,45.8539999999994,21.3790000000008,10.8670000000002,59.0839999999989,39.8820000000014,32.9579999999987,34.7767096774194,1
GI SUNTER,DISJAYA,NIAGA / H,11.5260000000001,12.5909999999999,12.74,12.97,13.062,12.8819999999998,12.8610000000001,12.904,13.0519999999999,0,25.2850000000001,12.511,12.5030000000002,12.5159999999998,12.2640000000001,12.576,12.7269999999999,12.422,12.452,12.675,12.5320000000002,12.3059999999998,12.4630000000002,12.4599999999998,12.816,12.7130000000002,12.962,12.663,12.2939999999999,12.52,12.6640000000002,12.610064516129,0
GI SUNTER,DISJAYA,NIAGA / L1,4.39800000000002,4.26800000000003,4.46600000000001,4.49199999999996,4.589,4.25599999999997,4.26099999999997,4.02700000000004,4.10500000000002,0,8.23899999999992,4.21400000000006,4.10000000000002,4.11399999999992,4.08000000000004,4.00699999999995,4.23700000000008,4.09799999999996,3.93100000000004,3.95499999999993,4.03000000000009,3.97399999999993,3.84300000000007,3.75,4.79099999999994,4.28499999999997,4.36000000000001,3.89600000000007,4.149,4.13400000000001,4.06099999999992,4.16483870967742,0
GI SUNTER,DISJAYA,NIAGA / L2,29.4740000000002,38.7509999999993,34.759,25.0940000000001,41.981,38.8040000000001,26.2019999999993,42.3320000000003,43.0820000000003,0,70.0689999999995,29.0330000000004,34.5360000000001,25.893,40.8399999999992,43.0910000000003,47.107,22.6819999999998,25.8860000000004,44.5069999999996,27.8780000000006,33.9679999999998,36.6300000000001,36.6300000000001,31.5689999999995,49.5969999999998,40.0970000000007,10.7759999999998,50.7759999999998,34.2060000000001,27.4839999999995,34.9591612903225,1
GI SUNTER,DISJAYA,RITEL / H,11.5490000000002,12.617,12.7649999999999,12.9950000000001,13.09,12.912,12.8869999999999,12.9300000000001,13.0799999999999,0,25.3340000000001,12.539,12.5309999999999,12.539,12.288,12.6080000000002,12.761,12.4489999999998,12.479,12.701,12.5530000000001,12.329,12.4880000000001,12.49,12.8409999999999,12.7399999999998,12.9910000000004,12.6879999999996,12.3160000000003,12.5459999999998,12.6900000000001,12.6363225806452,0
GI SUNTER,DISJAYA,RITEL / L1,4.38099999999997,4.24900000000002,4.44799999999998,4.47299999999996,4.572,4.23700000000008,4.24099999999999,4.00800000000004,4.0809999999999,0,8.20000000000005,4.19299999999998,4.07799999999997,4.09300000000007,4.06599999999992,3.99800000000005,4.22199999999998,4.07799999999997,3.90800000000002,3.93299999999999,4.00999999999999,3.952,3.82100000000003,3.82000000000005,4.678,4.26400000000001,4.33799999999997,3.875,4.12900000000002,4.11199999999997,4.04100000000005,4.14512903225807,0
GI SUNTER,DISJAYA,RITEL / L2,29.5869999999995,38.9580000000005,35.0169999999998,25.1979999999994,42.275,39.0410000000002,26.3029999999999,42.5729999999994,43.3120000000008,0,70.4979999999996,29.1679999999997,34.7450000000008,26.0639999999994,41.0550000000003,43.3459999999995,47.3879999999999,22.8280000000004,26.0450000000001,44.7529999999997,28.0529999999999,34.1570000000002,36.8940000000002,36.8900000000003,31.6439999999993,49.9160000000002,40.317,10.8640000000005,51,34.4539999999997,27.6539999999995,35.1611935483871,1
GI SUNTER,DISJAYA,TRADING / H,10.6579999999999,10.9760000000001,10.8960000000002,11.21,8.8,7.84799999999996,8.49600000000009,10.6350000000002,12.6999999999998,0,21.2310000000002,10.5259999999998,9.74199999999973,10.0070000000001,10.8620000000001,2.5930000000003,2.44999999999982,10.0239999999999,10.3589999999999,9.9970000000003,10.567,11.3419999999996,10.8520000000003,10.8499999999999,11.1410000000001,10.5630000000001,9.81799999999976,10.0549999999998,10.8620000000001,10.7650000000003,10.4459999999999,9.9119677419355,0
GI SUNTER,DISJAYA,TRADING / L1,19.0070000000001,19.893,19.6480000000001,20.0169999999998,17.006,16.846,18.6750000000002,20.0140000000001,19.837,0,39.4099999999999,19.1039999999998,18.5410000000002,18.9679999999998,13.8870000000002,4.85199999999986,12.8340000000003,18.6549999999997,19.1019999999999,19.2660000000005,19.9920000000002,19.8229999999994,19.4400000000005,19.4399999999996,20.1080000000002,19.616,19.4340000000002,19.1970000000001,19.2709999999997,19.4560000000001,19.0679999999993,18.4002258064516,0
GI SUNTER,DISJAYA,TRADING / L2,28.1480000000001,34.0690000000004,31.1949999999997,21.8900000000003,24.907,20.3800000000001,17.8679999999995,38.0280000000002,37.8059999999996,0,62.9520000000002,23.8959999999997,23.6940000000004,19.7619999999997,28.6230000000005,10.259,24.7169999999996,21.2110000000002,21.3389999999999,28.9499999999998,23.5479999999998,31.902,32.4520000000002,32.4619999999995,28.7670000000007,38.6419999999998,26.3299999999999,11.0969999999998,44.5,30.6239999999998,24.9670000000006,27.2575806451613,1
GI SUNTER,PLN,TRAFO 1 / H,22.79,22.5699999999997,22.6599999999999,35.3299999999999,26.24,21.75,22.3500000000004,0,23.3199999999997,22.9200000000001,22.6599999999999,22.46,21.7400000000007,21.4399999999996,22.3800000000001,22.3900000000003,22.04,20.9399999999996,21.46,21.0799999999999,21.5299999999997,30.1500000000005,22.3800000000001,22.3800000000001,22.4799999999996,22.6899999999996,21.8500000000004,22.1099999999997,22.5500000000002,22.4499999999998,22.3700000000008,22.3051612903226,1
GI SUNTER,PLN,TRAFO 1 / L1,31.5600000000004,32.8499999999995,32.9200000000001,56.9300000000003,36.68,32.2299999999996,37.5900000000001,27.2299999999996,33.2400000000007,13.3899999999994,52.3400000000001,32.7999999999993,31.75,31.8100000000013,32.0900000000001,32.119999999999,31.8900000000012,30.9199999999983,31.3200000000015,31.7600000000002,37.7999999999993,38.6299999999992,32.3500000000004,32.4500000000007,32.2099999999991,33.6400000000012,33.0299999999988,31.5400000000009,31.9399999999987,31.8299999999999,33.5,33.6238709677419,1
GI SUNTER,PLN,TRAFO 1 / L2,48.1999999999989,72.7700000000004,73.5200000000004,63.5799999999999,76.44,60.380000000001,40.619999999999,27.4900000000016,51.75,60.369999999999,59.5699999999997,72.6900000000005,55.1499999999996,41.5699999999997,62.0799999999999,79.130000000001,73.7600000000002,18.2999999999993,65.4200000000001,66.7299999999996,47.7800000000007,83.3600000000006,60.6700000000001,60.119999999999,50.1100000000006,87.8799999999992,60.1499999999996,29.9000000000015,190.289999999999,74.6599999999999,49.9899999999998,63.3687096774193,1
GI SUNTER,PLN,TRAFO 1 / KVARH,22.8700000000008,29.1999999999998,28.8699999999999,31.9700000000003,30.92,26.2699999999995,22.8400000000001,11.8099999999995,24.6500000000005,26.8099999999995,25.8400000000001,29.4300000000003,25.3199999999997,21.3600000000006,26.6399999999994,30.46,28.79,15.5,27.1900000000005,27.5699999999997,23.9200000000001,34.5299999999997,27.3200000000006,27.3199999999997,24.5799999999999,34.75,28.9200000000001,21.1099999999997,67.5,32.0900000000001,25.7799999999997,27.8106451612903,1
GI SUNTER,PLN,TRAFO 1 / H,22.7879999999996,22.5680000000002,22.6579999999994,35.335,26.239,21.7479999999996,22.4369999999999,0,23.2330000000002,0,45.5790000000006,22.4549999999999,21.7489999999998,21.3850000000002,22.4309999999996,22.3850000000002,22.0460000000003,20.9369999999999,21.4769999999999,21.0680000000002,21.527,30.1569999999992,22.375,22.3500000000004,22.5879999999997,22.6050000000005,21.8490000000002,22.1139999999996,22.5500000000002,22.4470000000001,22.3649999999998,22.3046774193548,1
GI SUNTER,PLN,TRAFO 1 / L1,31.5510000000013,32.8400000000001,32.9069999999992,56.9169999999995,36.665,32.2129999999997,37.3400000000001,27.5100000000002,33.2250000000004,0,65.7139999999999,32.780999999999,31.7360000000008,31.7989999999991,32.0810000000001,32.1020000000008,31.875,30.9179999999997,31.2989999999991,31.7489999999998,37.8110000000015,38.5990000000002,32.3389999999999,32.3409999999985,32.2960000000003,33.625,33.0169999999998,31.5320000000011,31.8419999999987,31.8870000000006,33.5020000000004,33.6133225806452,1
GI SUNTER,PLN,TRAFO 1 / L2,56.2139999999999,65.4290000000001,70.5790000000015,66.1260000000002,77.811,59.3719999999994,41.7870000000003,26.3320000000022,73.7510000000002,0,120.006999999998,50.6890000000021,53.9939999999988,42.5760000000009,69.512999999999,71.8630000000012,73.7659999999996,39.655999999999,45.1800000000003,65.7419999999984,56.974000000002,72.9179999999978,61.760000000002,61.75,55.2920000000013,82.4419999999991,60.0619999999981,28.4050000000025,205.803,58.0419999999976,51.4150000000009,63.3951612903227,1
GI SUNTER,PLN,TRAFO 1 / KVARH,24.625,27.585,28.2250000000004,32.5369999999994,31.207,26.0249999999996,22.9160000000011,11.744999999999,29.8590000000004,0,52.7350000000006,24.1350000000002,25.0499999999993,21.5859999999993,28.3630000000012,28.7639999999992,28.7759999999998,20.6640000000007,22.2669999999998,27.3400000000001,26.0609999999997,32.107,27.5760000000009,27.5799999999999,25.973,33.402,28.8869999999988,20.723,71.5370000000003,27.8080000000009,26.0900000000001,27.8112258064516,1
GI SUNTER,PLN,TRAFO 2 / H,49.3200000000006,51.9499999999998,52.5500000000002,54.1799999999994,50.01,40.75,130.88,0,54.2399999999998,52.8299999999999,52.6499999999996,51.5799999999999,48.4400000000005,48.1000000000004,51.2700000000004,43.8400000000001,43.7899999999991,47.8999999999996,51.1400000000012,48.5299999999988,48.8999999999996,52.0799999999999,51.8360000000011,51.4799999999996,53.1540000000005,52.0299999999988,49.1800000000003,48.3400000000001,51.4700000000012,51.7399999999998,51.9300000000003,51.1641935483871,1
GI SUNTER,PLN,TRAFO 2 / L1,52.869999999999,54.5900000000001,54.5699999999997,55.3700000000008,51.05,37.0900000000001,70.8600000000006,45.6900000000005,55.2099999999991,110,0.300000000001091,53.8899999999994,51.3999999999996,52.5300000000007,47.9899999999998,39.3400000000001,46.7099999999991,51.5200000000004,51.9600000000009,50.5699999999997,53.5100000000002,53.4699999999993,53.4670000000006,53.4699999999993,55.0030000000006,53.7299999999996,52.6900000000005,51.5100000000002,53.2799999999988,53.5300000000007,52.9400000000005,52.2616129032258,1
GI SUNTER,PLN,TRAFO 2 / L2,124.190000000002,208.369999999999,171.07,117.029999999999,169.38,129.920000000002,320.399999999998,70.5200000000004,142.43,170.849999999999,50168.24,195.670000000002,136.079999999998,100.260000000002,169.93,198.639999999999,179.799999999999,44.6000000000022,182.049999999999,164.599999999999,100.779999999999,193.480000000003,172.599999999999,172.639999999999,139.400000000001,232.669999999998,145.290000000001,45.8600000000006,78.9599999999991,215.420000000002,130.029999999999,1767.45677419355,2
GI SUNTER,PLN,TRAFO 2 / KVARH,52.3999999999996,77.8099999999995,66.6000000000004,52.5699999999997,71.42,58.4400000000005,137.690000000001,24.6299999999992,61.8500000000004,75.8700000000008,64.8199999999997,75.869999999999,57.6700000000001,46.9799999999996,69.8200000000015,78.4899999999998,71.4099999999999,30.2299999999996,73.6100000000006,68.9399999999987,50.4100000000017,77.9599999999991,71.6200000000008,71.6299999999992,62.3700000000008,90.7299999999996,62.6999999999989,32.8700000000008,42.2099999999991,85.0799999999999,58.9800000000014,65.28,1
GI SUNTER,PLN,TRAFO 2 / H,49.3069999999989,51.9310000000005,52.530999999999,53.5610000000015,50.594,40.7389999999996,47.2020000000011,83.6389999999992,54.2240000000002,0,105.440000000001,51.5749999999989,48.4210000000003,48.0950000000012,51.2519999999986,43.8230000000003,43.773000000001,47.8829999999998,51.128999999999,48.5150000000012,48.8889999999992,52.0619999999999,51.8150000000005,51.8199999999997,52.7790000000005,52.0139999999992,49.1579999999994,48.3310000000001,51.4459999999999,51.719000000001,51.9120000000003,51.1477096774194,1
GI SUNTER,PLN,TRAFO 2 / L1,52.8600000000006,54.5679999999993,54.5550000000003,55.357,51.037,37.0679999999993,52.9380000000001,63.5619999999999,55.1920000000009,0,110.263000000001,53.8799999999992,51.3760000000002,52.5190000000002,47.9699999999993,39.3250000000007,46.7039999999997,51.5020000000004,83.3059999999987,19.1910000000007,53.491,53.4590000000007,53.1869999999999,53.4200000000001,55.2749999999996,53.7189999999991,52.6679999999997,51.4940000000006,53.2700000000004,53.5119999999988,52.9260000000013,52.2449677419355,1
GI SUNTER,PLN,TRAFO 2 / L2,148.137000000002,205.314999999999,146.501,122.494999999999,171.699,127.663,113.93,277.631999999998,207.314000000002,0,338.928,131.255000000001,129.904999999999,104.373,191.636999999999,178.976000000002,178.623,111.220999999998,118.159000000003,163.415999999997,120.778000000002,167.875,176.884999999998,175.77,156.192999999999,215.25,145.355,45.4459999999999,122.974000000002,165.168999999998,134.741000000002,154.632741935484,2
GI SUNTER,PLN,TRAFO 2 / KVARH,59.3310000000001,71.101999999999,65.1970000000001,54.1230000000014,72.165,57.6460000000006,54.1489999999994,108.305,81.6080000000002,0,140.478999999999,56.2759999999998,56.3630000000012,47.6589999999997,76.3369999999995,72.4089999999997,71.0249999999996,49.9770000000008,54.6219999999994,68.523000000001,56.5229999999992,70.125,72.8819999999996,72.880000000001,67.0419999999995,85.4279999999999,62.6740000000009,32.7119999999995,55.3529999999992,70.0060000000012,60.3950000000004,65.2682580645162,1
GI SUNTER,PLN,TRAFO PS1 / H,88.2880000000005,91.0659999999989,90.1410000000033,91.0869999999995,88.506,88.7860000000001,49.5689999999959,129.772000000004,89.8529999999955,90.0400000000009,89.3799999999974,89.4270000000033,43.6390000000029,132.983999999997,87.8530000000028,94.5269999999946,68.510000000002,98.6100000000006,88.224000000002,91.6299999999974,87.8159999999989,90.2490000000034,89.224000000002,89.2199999999939,91.5670000000027,98.7909999999974,101.495999999999,92.0680000000066,96.7049999999945,93.7590000000055,92.3529999999955,90.4883870967741,2
GI SUNTER,PLN,TRAFO PS1 / L1,167.505000000005,183.644,187.886999999988,183.88900000001,183.681,184.654999999999,77.4980000000069,296.361999999994,183.644,187.059999999998,235.050000000003,130.668000000005,76.2229999999981,284.28899999999,176.872000000003,182.618000000002,104.210000000006,237.509999999995,186.025999999998,189.247000000003,195.497000000003,179.816999999995,197.361000000004,197.366999999998,170.925000000003,184.869999999995,195.260999999999,179.217000000004,180.792000000001,182.538,188.364999999991,183.566064516129,2
GI SUNTER,PLN,TRAFO PS1 / L2,190.356999999989,315.192999999999,262.232000000018,279.606,201.575,267.781000000017,84.9279999999853,460.045000000013,176.359999999986,5256.01999999999,254.160000000003,304.944000000018,47.1479999999865,383.29800000001,291.597000000009,222.652999999991,38.3500000000058,430.139999999985,282.413,299.137000000017,179.604999999981,285.580000000016,263.027000000002,263.049999999988,205.478000000003,380.847000000009,283.22099999999,107.014999999985,309.897000000026,331.140999999974,209.88400000002,415.054258064517,2
GI SUNTER,PLN,TRAFO PS2 / H,15.5609999999997,18.2070000000003,19.1129999999994,18.027,19.996,19.8669999999984,12.0900000000001,27.8550000000014,19.6349999999984,19.8100000000013,19.8899999999994,19.6180000000004,8.19499999999971,29.7569999999996,19.8450000000012,13.6149999999998,10.7600000000002,26.7799999999988,19.7630000000008,16.7430000000004,19.753999999999,18.107,19.8029999999999,19.8500000000004,18.1700000000001,13.7860000000001,10.3629999999994,19.8160000000007,15.5349999999999,18.5249999999996,19.7720000000008,18.3421935483871,0
GI SUNTER,PLN,TRAFO PS2 / L1,36.5169999999998,33.0720000000001,28.4809999999998,34.0959999999977,34.186,31.5679999999993,17.0980000000018,46.1739999999991,34.2150000000001,29,31.880000000001,34.5439999999981,24.1890000000021,39.5569999999971,36.5090000000018,34.3209999999999,5.93000000000029,62.0499999999993,30.7139999999999,27.8839999999982,21.3420000000006,37.2740000000013,18.4259999999995,18.4300000000003,46.1700000000019,36.6059999999998,27.3079999999973,38.1949999999997,35.5709999999999,37.9780000000028,27.3299999999981,32.1488709677418,1
GI SUNTER,PLN,TRAFO PS2 / L2,44.7839999999997,70.2880000000005,58.8110000000015,61.6630000000005,45.504,60.5900000000038,24.3960000000006,97.0720000000001,39.5060000000012,57.3199999999997,57.3699999999953,69.6920000000027,48.1540000000023,51.0039999999935,66.1450000000041,50.8549999999959,60.9800000000032,52.3199999999997,64.7909999999974,67.5950000000012,40.9040000000023,64.4440000000031,58.8319999999949,58.8300000000017,47.1339999999982,81.9290000000037,54.976999999999,23.8189999999959,67.1750000000029,71.2359999999971,45.9990000000034,56.9070645161292,1